jklemm = Juli Klemm <klemmj@mail.nih.gov>
levineb = Brian Levine <brian.m.levine@saic.com>
klingerc = Carolyn Klinger <klingerc@mail.nih.gov>
elkinssm = Sarah Elkins <elkinssm@mail.nih.gov>
warzeld = Denise Warzel <warzeld@mail.nih.gov>
gaheens = Sharon Gaheen <gaheens@mail.nih.gov>
gustafsons = Scott Gustafson <gustafsons>
hadfielj = Jillaine Hadfield <hadfielj@mail.nih.gov>
lij13 = lij13 <lij13>
pansu = Sue Pan <sue.pan@nih.gov>
prerepavs = Laxmi Lolla <lollal@mail.nih.gov>
qili = Liqun Qi <qili>
rokickik = Konrad Rokicki <rokickik>	
saksass = Steve Saksas <saksass>
settneks = Sharon Gaheen <gaheens@mail.nih.gov>
sunj2 = Jim Sun <sunj2>
svnuser = svnuser <svnuser>
viswanathl = Lalitha Viswanath <viswanathl>
hdang = Hong Dang <hdang.soccer@gmail.com>
buchoffj = Jeff Buchoff <buchoffj>
hadfielj = Jill Hadfield <hadfielj@mail.nih.gov>
azien = Nadine Azie <azien>
raghu = Raghu Narasimha <raghu@scigrp.com>
chandlers = Steven Chandler <chandlers>
ericksow = Wendy Erickson-Hirons <ericksow>
wuye = Ye Wu <wuye@mail.nih.gov>
prakasht = Thaigarajan Prakash <thiagarajan.prakash@nih.gov>